{
  "project_info": {
    "project_number": "560204190580",
    "firebase_url": "https://parking-assist-7b442-default-rtdb.firebaseio.com",
    "project_id": "parking-assist-7b442",
    "storage_bucket": "parking-assist-7b442.appspot.com"
  },
  "client": [
    {
      "client_info": {
        "mobilesdk_app_id": "1:560204190580:android:606c27a8cfa48af9da9221",
        "android_client_info": {
          "package_name": "com.example.parkingassist"
        }
      },
      "oauth_client": [
        {
          "client_id": "560204190580-52bd9ng59ai5favitlh970db1dkjsnmt.apps.googleusercontent.com",
          "client_type": 3
        }
      ],
      "api_key": [
        {
          "current_key": "AIzaSyAxOeTGacN1rYSKrluLRUWCTIpUAlsKUGA"
        }
      ],
      "services": {
        "appinvite_service": {
          "other_platform_oauth_client": [
            {
              "client_id": "560204190580-52bd9ng59ai5favitlh970db1dkjsnmt.apps.googleusercontent.com",
              "client_type": 3
            }
          ]
        }
      }
    }
  ],
  "configuration_version": "1"
}